fname|name|addr|desc|topic|latitude|longtitude|google|naver|tripadviser|avg|data|wordCloud
tour_history_0|삼가헌|대구광역시 달성군 하빈면 묘동 4길 15|충정공 박팽년(1417∼1456)의 자손들이 정착하여 온 박씨마을 묘골과 낮은 산 하나를 경계로 하여 자리잡은 조선시대의 주택이다. 넓은 터에 대문간채·사랑채·안채·별당·연못이 배치되어 있다. 충정공의 11대손인 삼가헌 박성수가 영조 45년(1769)에 사랑채를 짓고 자신의 호를 현판으로 걸어 삼가헌이라 이름지었다. 대문을 들어서면 바로 보이는 건물이 사랑채이며, 안채는 사랑채를 거쳐야 출입을 할 수 있다. 안채와 사랑채는 트인 ㅁ자형의 구조를 하고 있으며 안채로 드나드는 중문채와 곳간으로 연결이 되어있다. 사랑채는 ㄱ자형 평면으로 넓은 대청과 골방이 딸린 온돌방 2칸·마루방·청지기방을 두었다. 안채는 ㄷ자형으로 부엌·안방·대청·건넌방·개방된 툇마루 등으로 꾸몄다. 사랑채와 안채 사이의 서쪽으로 장독대·곳간채·안변소가 자리잡고 있다.|역사유적|35.906707685|128.412438085|자료 없음|자료 없음|자료 없음|자료 없음|0|none
tour_history_1|대구도동 측백나무숲|대구광역시 동구 도동 산 180번지|불로동에서 동쪽으로 2km쯤 가면 길 오른쪽에 내를 낀 향산이 나타난다. 이 산의 북쪽으로 비탈의 높이가 100여m에 길이 60여m의 낭떠러지를 온통 덮고 있는 울창한 숲이 바로 우리나라 천연기념물 제1호로 지정된?동구 도동 측백수림이다. 측백나무는 측백나무과에 딸린 상록교목으로 큰 것은 높이 20m에 이른다. 이곳의 측백수림은 측백나무의 남한지로써 식물지리학상의 중요성으로 인해 1934년 천연기념물로 지정되었다. 또한 이곳은 조선조 대구가 낳은 대학자인 서거정 선생이 찬미한 대구 10경중 한곳으로, 측백수림 아래에는 옛날 대구에서 영천·경주로 가는 길이 있어 절벽 아래를 흐르는 계곡수와 더불어 아름다운 경치를 이루어 행인들의 피로를 덜어 주었다고 한다.|역사유적|35.9181177|128.6611454|자료 없음|자료 없음|자료 없음|자료 없음|0|none
tour_history_2|대구향교|대구광역시 중구 명륜로 112|"""조선시대부터 이어져 내려온 공자의 가르침이 깃든 배움터 ‣ 조선 건국과 더불어 1398년 지금의 중구 교동에 대구향교 창건 ‣ 임진왜란 때 소실된 후 1932년 지금 자리에 대성전과 동서무, 명륜당 재이건. 1995년 유림회관이 신축되면서 현재의 모습을 갖추게 됨. 규모가 크지는 않지만 단아한 건물과 잘 가꿔진 조경 덕분에 조용히 사색하며 거닐기 좋다"""|역사유적|35.859309376999995|128.596107324|자료 없음|자료 없음|자료 없음|자료 없음|0|none
tour_history_3|김처정 재령이씨 효열각|대구광역시 달성군 유가면 달창로 429|효자 청도인 김처정은 재질이 탁월하고 효성이 지극하여 세인의 칭송을 받아 왔었다. 부친께서 불치의 병으로 30년간 신음하였으나 하루같이 지성으로 봉양하였는데 병세는 더욱 더 악화되어 음식도 먹지 못하고 20년간 인유(人乳)만 먹고 살았다. 그는 인근마을 유모를 찾아다니며 인유를 얻어 봉양하였는데 하루는 메추리를 먹고 싶다하여 그것을 구하려 할 때 매가 메추리를 잡아 집 앞에 던져주어 그는 기뻐하여 봉양하였다. 이를 나라에서 알고 정려를 내렸다. 열녀 재령 이씨는 김처정의 손자 김여택의 처로서 평소에 효성이 지극하고 부덕을 겸비하였다. 그런데 남편이 우연히 병을 얻어 신음하자 극진히 치료하였으나 마침내 세상을 떠나고 말았다. 이에 그녀는 뒤따라 죽으려 하였으나 상중에 애기가 있어 참아 오다가 출산 후 식음을 전폐하고 자진하여 뒤를 따랐다. 그 후 숙종께서 효심이 지극한 효자와 열녀의 깊은 뜻을 헤아려 나라에서 세운 효열각이다.|역사유적|35.6405904|128.48348090000002|자료 없음|자료 없음|자료 없음|자료 없음|0|none
tour_history_4|계산성당|대구광역시 중구 서성로 10|"""이국적인 성당을 거닐며 100년의 역사를 돌아보는 여행 ‣ 경상도에서 가장 오래된 성당으로 가톨릭뿐 아니라 대구의 역사도 볼 수 있다. ‣ 고딕양식의 외관과 스테인드글라스를 통해 들어오는 빛의 알록달록함에 매료되는 아름다운 공간이 인상적이다"""|역사유적|35.86770678|128.587829174|자료 없음|자료 없음|자료 없음|자료 없음|0|none
tour_history_5|갓바위|대구광역시 동구 갓바위로 229|"""돌계단 1,365개 한 칸 한 칸 오르며 갓바위에서 소원 빌기 ‣ 갓바위는 정성껏 기도하는 사람의 소원 한 가지는 꼭 들어준다는 전설을 간직하고 있다 ‣ 갓바위가 있는 관봉에 올라서면 팔공산 능선과 구불구불한 길이 겹겹이 펼쳐진다 ‣ 보물 제431호로 지정된 관봉석조여래좌상 앞에서 정성스레 기도를 올리는 사람들로 사시사철 붐빈다"""|역사유적|35.971093421999996|128.726234793|자료 없음|자료 없음|자료 없음|자료 없음|0|none
tour_history_6|옻골동산|대구광역시 북구 구암로 388-25|대구광역시 북구 칠곡 3지구의 국우터널 근처에 있는 공원이다. 주변에 동천공원과 운암지공원이 있다. 여름이면 잔디광장과 푸른 숲이 인상적인 곳으로 겨울이면 다소 한적하다. 시민들의 소풍 장소 및 단체구기를 위한 장소로도 많이 이용되고 있다.|역사유적|35.944169766|128.57638822799998|자료 없음|자료 없음|자료 없음|자료 없음|0|none
tour_history_7|북지장사|대구광역시 동구 도장길 243|"485년(신라 소지왕 7) 극달(極達) 화상이 창건했으며, 684년(신문왕 4) 양개(良价)가 창건한 달성군 가창면의 남지장사와 대비되는 절이다. 1040년(고려 정종 6) 최제안(崔齊顔)이 쓴 경주 천룡사(天龍寺) 중창 관련문서에 따르면, 이 절의 밭이 200결이나 되었다고 하므로 당시에는 규모가 큰 절이었음을 알 수 있다. 지장사라고도 불렀다고 하나 이후의 연혁은 별로 전하는 것이 없다 <좀 더 알아보기> 동화사의 말사(末寺)인 북지장사는 신라 소지왕 7년(485년)에 극달화상이 창건하였다고 전해지는 고찰로, 주변에 고려시대 이전의 유물인 건물지, 기단, 석탑 등이 있다. 지장보살을 봉안한 절로, 달성군 가창면의 남지장사와 짝을 이루고 있다. 갓바위와 동화사로 이어지는 도로변에 이정표가 있다. 대웅전 암막새에 천계(天啓)3년(1623년)과 강희(康熙)4년(1655년)의 명문이 있는 것으로 보아 17세기에 사역(使役)이 있었음을 알 수 있으며, 1975년과 1982년에 중건하였다. 문화재로는 국가지정 문화재인 대웅전과 시지정 문화재인 석조지장보살좌상, 3층석탑이 있다. -북지장사의 창건 설화- 동촌에 거주하던 효행이 극진하고 유덕부요(有德富饒)한 류 정선처사가 풍수대가에 의하여 현재의 대웅전(지장전)자리를 묘지로 선정해 놓고 부친이 돌아가시자 미리 정해 놓은 무덤자리를 파헤치니 그 가운데 흡사 사람모양의 돌덩이가 하나 돌출 하므로서 모두가 이상스럽게 여기고 있는 순간, 상주 류 정선이 비몽사몽을 얻었는데 흰 소복의 스님 모습의 미인이 한 분 나타나서 """"나는 지장보살이다. 이 자리는 묘지가 아니다. 이곳에는 절을 지어 많은 중생을 제도하여 참된 대효자가 되어라."""" 하고는 즉시 사라지셨다. 이러한 영기로운 계시를 받고 지척거리인 인봉에서 걸식생활로 고행 수도하시는 극달선사의 간곡한 설법지시로 매장을 단념하고 화장을 치룬 후 출가스님이 되어 바로 이 자리에 사찰을 세우고 인형의 돌덩이는 지장보살로 조각하여 모셨으므로 절 이름을 지장사라고 전해오고 있다.."|역사유적|35.976235119|128.715182088|자료 없음|자료 없음|자료 없음|자료 없음|0|none
tour_history_8|부인사|대구광역시 동구 팔공산로 967-28|대한불교조계종 제9교구 본사인 동화사(桐華寺)의 말사로, 부인사(符仁寺) 또는 부인사(夫人寺)라고도 한다. 신라 선덕여왕 때 창건된 절로 추정하고 있다. 고려시대에 초조대장경의 판각이 이루어졌다고도 말해지는 부인사는 몽골 칩입시 화재로 대부분 소실되었다. 이후 중건하였으나 임진왜란 때 다시 불탔다. 지금 건물은 1930년대 초 비구니 허상득(許相得)이 원 위치에서 서북쪽으로 약 400m 거리에 있는 암자터에 중창한 것이다. 당우에는 석가모니불상과 아미타불상, 관세음보살상을 안치한 대웅전과 선덕묘, 2동의 요사채가 있다. 이 밖에도 주춧돌, 화려한 문양의 장대석(長臺石)을 볼 수 있다. <좀 더 알아보기> 부인사는 동구 신무동 팔공산 남쪽 중턱에 있는 사찰로 대한불교 조계종 제9교구 본사인 동화사의 말사이다. 현재의 부인사는 옛 부인사 경역의 뒷쪽 산밑에 자리잡고 있는 작은 절이지만 한때는 고려 초조대장경을 보관했던 호국사찰로서 매우 중요한 사찰이다. 그러나 부인사에 관한 개창시기나 연혁은 잘 알려지지 않아 부인사의 창건연대와 위치에 대해서는 논란이 많은 편이다. 당시 7세기 초 창건으로 전해오고 있는 현 부인사에는 신라 선덕여왕 어진을 모시고 매년 음력 3월 보름에 신무동 주민과 사찰측 및 경주 김씨 종중에서 선덕여왕 숭모제를 지내는 것에서 부인사의 내력을 짐작할 만하다. 옛 절터가 지금은 포도밭으로 변해 있지만 현 사찰에서 200m 남쪽에 당간지주가 남아 있고 팔공산 순환도로 남쪽으로 추정 금당좌가 연접하고 있어 옛날 번창기의 사역 범위를 보여주고 있다. 현 부인사는 6.25동란 때 불탄 것을 1959년에 중건한 것이다. 고려시대에는 국내에서 유일한 승시장이 부인사에 개설될 정도로 아주 번창했던 사찰이었음을 알 수 있다. 정도전의 송화암종사우운시서의 기록 중에도 부인사가 팔공산에 위치한 거찰이었음을 알 수 있다. 부인사는 고려 초조대장경의 판각처로 널리 알려져 있는데, 현종 3.4년(1013)경부터 조각되기 시작하여 숙종 4년(1099)에 완성된 총 1만 여권의 초조대장경은 처음 여왕사, 개국사 등에 봉안하였다가 그 후 어느 시기에 이곳 부인사에 봉안하게 되었고 이곳에서 여러번의 인간(印刊)이 있었다. 그후 고종 19년(1232) 몽고의 제2차 침입시 원군이 부인사 대장경과 황룡사 9층 목탑을 불태워버렸다. 이상의 자료들을 통해서도 부인사의 창건연대는 확실히 알 수 없지만 사찰의 위치가 지금의 영천 근방으로 팔공산 동화사와 인접해 있었고 거찰로서 고려 초조대장경을 보관하여 외침을 극복하려 했던 호국사찰임을 알 수 있다.|역사유적|35.994879383000004|128.672773218|자료 없음|자료 없음|자료 없음|자료 없음|0|none
tour_history_9|신숭겸 장군 유적지|대구광역시 동구 신숭겸길 17|""" 태조 왕건을 대신해 목숨을 바친 신숭겸 장군의 충절이 깃든 곳 ‣ 고려 개국 공신인 신숭겸 장군이 공산 전투 때 태조 왕건 대신 순절한 역사적인 장소 ‣ 1607년 경상도 관찰사 류영선이 장군의 혼을 위로하고자 태조 왕건이 세웠던 옛 지묘사 터에 표충사와 표충단, 충렬비를 건립. 고종 8년 서원철폐령으로 표충사는 사라지고 후손들이 세운 표충재가 지금까지 남아 있음 """|역사유적|35.942111715|128.640972499|자료 없음|자료 없음|자료 없음|자료 없음|0|none
tour_history_10|순천박씨 세거지|대구광역시 달성군 유가면 육신사길 51|묘리에는 등실등실한 골기와집이 처마를 맞대고 있다. 이곳은 사육신 박팽년의 후손인 순천박씨들의 세거지이다. 사육신의 유일한 후손인 박일산의 후예들은 육신사를 세워 사육신 여섯 어른의 제사를 매년 지내고 있다. 육신사는 1972년 기초공사를 시작해 1981년 완공한 건물로 외삼문, 삼충각, 숭절당 등이 들어서 있다. 사육신의 행적을 기록한 육각기념비와 박일산이 창건한 태고정(보물 제 554호)이 눈길을 끌고있다. 이외에도 7대손 숭고(崇古)가 1644년에 세웠다는 충효당. 8대손 중휘(重휘)가 1664년에 세웠다는 금서헌. 14대 후손 문현(文鉉)이 1778년에 세웠다는 도곡재(무형문화재 제32호) 등이 있고, 박경리의 소설 “토지”의 배경이 되기도 했다는 묘동 박황(妙洞 朴湟)가옥, “삼가헌”(三可軒)이 오랜 역사와 전통을 이어가고 있다.|역사유적|35.7723107|128.3362075|자료 없음|자료 없음|자료 없음|자료 없음|0|none
tour_history_11|보현사|대구광역시 중구 문우관길 65|대한불교조계종 제9교구 동화사 직할 포교당으로 정기법회, 수능백일기도, 산행법회 등 여러가지 행사와 체험 프로그램들도 시행하고 있다.|역사유적|35.864379340999996|128.59262921|자료 없음|자료 없음|자료 없음|자료 없음|0|none
tour_history_12|삼충사 묘정각|대구광역시 동구 파계로 740|의병장 최계(1567년 명종 22년∼1162년 광해군14년)는 무신으로 1591년 무과에 급제한 무관이다. 1592년 임진왜란 당시, 망우당 곽재우의 의병세력과 합세하여 일본과의 전투에서 승리한 후 이곳에 거주하였는데, 후손들이 최계와 다른 이들의 업적을 기리기 위해 1828년 중에 삼충사를 건립하였다. 1828(순조 28)년에 비를 건립, 1996년 현 위치로 이전하였다.|역사유적|35.995395006|128.639423849|자료 없음|자료 없음|자료 없음|자료 없음|0|none
tour_history_13|옻골마을(경주최씨 종가)|대구광역시 동구 옻골로 195-5|"""문화재청이 선정한 ‘전국 10대 아름다운 돌담길’ ‣ 350년 수령의 회화나무숲을 지나 마을에 들어서면 옛 돌담길을 따라 고택 20여 채가 옹기종기 모여 있다. 400여 년 이어온 고택을 통해 조선시대 생활양식을 살펴볼 수 있다 ‣ 마을에는 전통체험을 할 수 있는 프로그램을 운영한다. 마을 해설을 무료로 들을 수 있다 """|역사유적|35.908093466|128.687317181|4.1|자료 없음|자료 없음|4.1|1|wc_tour_history_13
tour_history_14|이상화묘|대구광역시 달성군 화원읍 본리리 산 13-1번지|1948년 동향 출신 시인 김소운의 건의로 대구 달성공원에 상화 시비가 세워졌다. 이상화는 대구출생의 시인으로 1917년 고향에서 현진건·백기만·이상백 등과 습작을 모아서 <거화>라는 표제로 프린트판을 내었다. 1921년 1월 홍사용·박종화·나도향 등과 함께 문예지 <백조>를 발간, 그 창간호에 <나의 침실로>를 발표했다. 초기에는 퇴폐적인 풍조를 나타내는 시를 쓰더니 , 1926년 <개벽>지 6월호에 대표작 <빼앗긴 들에도 봄은 오는가>에서는 현실참여적인 경향으로 바뀌었다.|역사유적|35.8020881|128.5113922|자료 없음|자료 없음|자료 없음|자료 없음|0|none
tour_history_15|이상화고택 서상돈고택|대구광역시 중구 서성로 6-1|"""일제에 항거한 대구 출신의 독립운동가를 만난다 ‣ 이상화 시인은 일제강점기에 민족의 광복을 위해 저항 정신의 횃불을 밝힌 시를 지었다. 그의 시향이 이상화고택에 남아 있다 ‣ 서상돈은 정부가 일본에 빚을 많이 져 국권을 상실한다고 생각하여 1907년 금연으로 나라의 빚을 갚자는 국채보상운동을 벌였다"""|역사유적|35.867193676999996|128.587866403|자료 없음|자료 없음|자료 없음|자료 없음|0|none
tour_history_16|불로동 고분군|대구광역시 동구 팔공로32길|"""팔공산 남쪽 기슭에 펼쳐진 올록볼록 솟은 거대한 고분군 ‣ 삼국시대 형성된 대규모 고분군. 210여 기의 고분이 밀집되어 있다. 한 바퀴 둘러보는 데 약 1시간~1시간 30분 소요된다. 능선이 완만해 아이들도 쉽게 오른다 ‣ 봄, 가을철에는 고분군 사이로 코스모스 등이 피어 한층 아름답고 서정적인 풍경을 선사한다. 능선을 따라 올록볼록 솟은 고분군 뒤로 대구 시가지가 한 눈에 들어온다 ‣ 고분 아래 생태 습지가 조성되어 있어 아이들 학습 공간으로 활용도가 높다 """|역사유적|35.913046596|128.64143755|4.3|자료 없음|자료 없음|4.3|1|wc_tour_history_16
tour_history_17|유가사|대구광역시 달성군 유가면 유가사길 161|동화사의 말사인 유가사는 신라 흥덕왕2년에 도성국사에 의해 창건되었으며, 절 이름은 비슬산의 바위모습이 아름다운 구슬과 부처의 형상과 같다 하여 지은 이름이다. 그 뒤로 여러차례 중수 과정을 거쳐 오늘에 이르고 있다. 부속 암자로는 수도암, 청신암, 도성암을 거느렸다. 범종각 부근에서 대웅전 지붕 위를 올려다보면 비슬산 바위군이 기와처럼 대웅전 위에 얹혀있는 모습을 보게 된다. 근처에는 도성암과 도통바위 등이 자리잡고 있다. <좀 더 알아보기> 동화사의 말사인 유가사는 신라 흥덕왕2년에 도성국사에 의해 창건되었으며 절 이름은 비슬산의 바위모습이 아름다운 구슬과 부처의 형상과 같다 하여 옥 유(瑜), 절 가(伽)자를 따서 지어졌다고 경내에 세워진 안내판에 적혀있다. 그 뒤로 진성여왕 3년에 원잠선사가 개축하는 등 여러차례 중수 과정을 거쳐 오늘에 이르고 있다. 부속 암자로는 수도암, 청신암, 도성암을 거느렸다. 범종각 부근에서 대웅전 지붕 위를 올려다 보면 비슬산 바위군이 기와처럼 대웅전 위에 얹혀있는 모습을 보게 된다. 유가사를 출발, 50m쯤 오르면 수도암이고 수도암에서 30분을 더 가면 도성암에 닿는다. 산 중턱에 자리잡아 주변경관과 조망이 뛰어난 도성암은 비슬산에서 가장 오래된 암자이다.도성암을 지나 오른쪽으로 약 10분쯤 오르면 도성국사가 도를 깨쳤다는 도통바위에 도착한다. 도통바위에서 주능선까지의 40분 거리는 경관이 좋고 쉬기에 알맞은 암봉과 오솔길이 번갈아 나타나 산행의 참맛을 느끼게 해준다. 주능선에 오르면 평원지대가 펼쳐지고 곧이어 억새풀과 수십 개의 바위로 이루어진 정상에 닿는다. 정상에 서면 서남쪽으로 유유히 흐르는 낙동강이 보이고 멀리 가야산 줄기도 한눈에 들어온다. 유가사 인근의 비슬산 자연휴양림(053-614-5481)도 늦가을 낙엽 뒹구는 오솔길 산책에 좋은 곳이다. 소재사 옆의 매표소에서부터 조화봉 방면 계곡을 따라 콘도형 산막, 통나무 , 청소년수련장, 취사장, 잔디광장 등이 줄지어 자리잡고 있다. 특히 비슬산자연휴양림에서는 숲도 숲이지만 집채 만한 바위들이 곳곳에 군락을 이룬 암괴류와 애추가 눈길을 끈다.|역사유적|35.7144715|128.5053057|자료 없음|자료 없음|자료 없음|자료 없음|0|none
tour_history_18|용연사|대구광역시 달성군 옥포면 용연사길 260|용연사는 비슬산의 북쪽 기슭에 자리잡은 사찰로 달성군 옥포면에 소재한다. 진입로 입구에 조성된 벚꽃길이 유명하며, 계곡 입구에 이르면 용연사의 명물 '옥연지'가 나타난다. 용연사는 912년(신라 신덕왕 1년) 보양선사에 의해 창건되었다. 용연사 적멸보궁 뒤뜰에는 자장율사가 중국에서 모셔온 석가세존 진신사리를 봉안한 석조계단이 조성되어 있다. 이중기단 위에 석종형 탑신을 세우고 팔부신상, 사천왕상으로 조각한 이 석조계단은 그 자체만으로도 훌륭한 석조예술품으로 보물 제 539호로 지정되어 있다.|역사유적|35.748164|128.5189301|자료 없음|자료 없음|자료 없음|자료 없음|0|none
tour_history_19|남지장사|대구광역시 달성군 가창면 남지장사길 127|"""남지장사는 통일신라 신문왕 4년(684)에 양개조사가 세운 절이라고 전한다. 조선시대에 고승 무학대사가 수도한 곳이기도 하며, 사명대사가 임진왜란 때 승병들의 훈련장으로 사용하기도 하였다. 그 뒤 임진왜란 때 불탔던 것을 효종 4년(1653) 인혜대사가 청련암과 함께 다시 세웠으나, 순조 6년(1806)에 또 화재가 발생하여 2년 뒤 다시 세웠다고 한다. 청련암은 법당과 생활공간의 기능을 겸한 건물로, 앞면 3칸·옆면 2칸 규모이다. 그러나 실제로 법당의 기능보다 강당의 기능을 가진 건물로 ‘인법당’으로도 부르고 있다. 남지장사 청련암은 부분적으로 옛 건축수법을 간직하고 있는 소박한 구조의 건물이다. 부속암자인 청련암은 대구시 유형문화재 제34호로 지정되어 보존되고 있다. <좀 더 알아보기> 남지장사는 신라 신문왕(神文王) 4년 684(684) 양개조사(良介祖師)가 창건한 사찰로 조선시대의 고승 무학대사가 수도한 곳이며 임진왜란때에는 사명대사가 승병들의 훈련장으로 사용하였으나 그 당시 병화로 소실되었다고 전한다. 효종 4년(1653) 인혜대사가 이 청련암을 중건하였으나 순조 6년(1806) 화재를 당하여 그 2년뒤(1808)에 재건하였다 한다. 이 건물은 법당(法堂)과 요사(寮舍)를 겸하고 있어 평면배치가 특이하며, 구조는 소박하면서 부분적으로 고식수법이 남아있다. 중앙은 정면 3칸, 측면 2칸 즉 6칸 규모의 법당인데 구들을 들이고 천장이 평평한 이 집은 여늬절의 요사나 강당같아 부엌쪽으로 받침이 있고 그 반대쪽으로 2칸의 구들이 달렸다. 받침이 있는 부엌은 넓이가 4칸이나 되는 넓직한 공간이다. 청련암의 중심건물은 법당이라기 보다는 요사와 강당이 합쳐진 기능의 건물로 보이며 절의 스님들은 이곳을 인법당이라고 부른다. 대한불교조계종 제9교구 본사인 동화사의 말사인 남지장사는 신라 신문왕(神文王) 4년(684) 양개조사(陽价祖師)가 창건한 사찰로, 지장보살(地藏菩薩)을 신앙하는 도량(道場)이다. 신라 때에는 왕이 토지와 노비를 하사하고 유지들도 시주를 많이 하여 사세가 매우 컸다. 한때는 8개의 암자를 8동의 암자와 종각, 천왕문 등이 있어 3,000여 명의 승려가 수도했다고 한다. 조선시대 초에는 고승 무학대사(無學大師)가 이곳에서 수도하였으며, 임란 때는 사명대사(四溟大師)가 거느린 승병과 의병들이 우록동 계곡에서 왜병과 혈전을 벌리기 전 승병들의 훈련기지로 이용되기도 하였다 한다. """|역사유적|35.735158274|128.630693628|자료 없음|자료 없음|자료 없음|자료 없음|0|none
tour_history_20|파군재|대구광역시 동구 지묘동 산 53-3번지|후백제 견훤과의 공산 싸움에서 대패한 고려군은 태조 왕건을 피신시키고 신숭겸장군을 중심으로 끝까지 항거하였다. 이때 고려군은 지묘2동에서 파계사로 넘어가는 뒷산을 뚫고 위장전술을 폈으나 역부족이었다. 간신히 살아남은 몇몇 군사를 수습하여 오른쪽 동화사 고갯길로 환로를 개척하여 지묘 앞 냇물을 간신히 건넜다. 이런 연유로 신숭겸 장군의 군사가 1차로 파해서 흩어진 곳을 아랫 파군재, 2차로 파한 곳을 윗 파군재로 불려지게 되었다.|역사유적|35.938096|128.6422916|자료 없음|자료 없음|자료 없음|자료 없음|0|none
tour_history_21|유치곤 장군 호국 기념관|대구광역시 달성군 유가면 휴양림길 375|6. 25전쟁 당시 한국공군 전투기 조종사로는 유일하게 203회 불멸의 출격 기록을 수립한 고 유치곤 장군의 위업을 기리고, 나라사랑과 호국정신을 계승 발전시키는 역사의 산 교육장으로 활용하고자 빨간마후라 유치곤장군 호국기념관을 준공하여 개관하였다. <좀 더 알아보기> 유치곤장군은 1927년 달성군 유가면 쌍계리에서 태어나 6.25전쟁 당시 공군 전투조종사로서 나라를 위해 목숨을 걸고 용감히 싸운 전쟁영웅이다. 그는 1951년 10월 11일 F-51전투기 조정사로 강릉공군기지에서 첫 출격을 시작으로 승호리 철교 폭파 작전을 비롯하여 수많은 전투에 참가하여 전쟁을 승리로 이끈 전공을 세움으로써 6.25 전쟁 중에 을지무공훈장과 충무무공훈장 각3회를 비롯하여 모두 12회에 달하는 각종 최고 훈장을 수훈함으로써 전투조종사로서 최고의 영예를 획득하였다. 그리고 우리 공군사에 유일하게 203회 출격 기록을 남겼다. 2000년 1월 전쟁기념사업회에서는 이와 같은 공로를 기리기 위해 호국인물로 전투 조종사인 유치곤공군준장을 선정하였으며, 전쟁기념관에서는 그의 흉상이 역대 위인들과 함께 나란히 봉안되어있다. 이렇듯 그는 전투비행 2천7백여 시간의 신화적인 기록을 남기면서 공군 역사에 한 획을 그은 장군이며, 그 전공을 그려 만든 영화 '빨간 마후라'는 보는 이의 가슴을 뜨겁게 했다. 후대에 길이 알릴 수 있는 역사의 교육 현장이 되길 바라는 뜻에서 달성군지역민과 공군 지원으로 개관하게 되었다.|역사유적|35.7001126|128.4967912|자료 없음|자료 없음|자료 없음|자료 없음|0|none
tour_history_22|녹동서원 충절관|대구광역시 달성군 가창면 우록길 218|녹동서원의 좌측에 위한 충절관은 김충선의 후손과 그를 추모하는 일본인, 그리고 대구시의 후원금으로 건립하여 임진왜란 때 사용되었던 조총을 비롯하여 모하당선생의 유품. 유물과 한.일 양국의 역사. 문화. 임진란 관계 전문서적 등을 전시하고 있다. 한.일간의 교류협력의 장으로 활용코자 1998년 6월에 개관하였다.|역사유적|35.72320744|128.646336346|자료 없음|자료 없음|자료 없음|자료 없음|0|none
tour_history_23|녹동서원|대구광역시 달성군 가창면 우록길 218|""" 조선으로 귀화한 일본 장수 김충선을 기리는 서원 ‣ 임진왜란 때 귀화한 모하당 김충선을 추모하기 위해 1789년에 건립 ‣ 경내에는 녹동사, 향양문, 유적비, 서원 뒤쪽 삼정산에는 김충선의 묘소가 있다 ‣ 달성한일우호관, 김충선의 귀화 후 활약상을 보여주는 역사관, 체험실 등이 있다 """|역사유적|35.72320744|128.646336346|자료 없음|자료 없음|자료 없음|자료 없음|0|none
tour_history_24|구암서원|대구광역시 북구 연암공원로 17길 20|구암서원(龜巖書院)은 귀암서원이라고도 읽는데, 대구시 중구 동산동 지역에 있던 서원이다. 1665년(조선 현종 6년)에 연구산(봉산동 현 대구제일중학교)에서 귀암사로 창건하여 그후 서원으로 승격되었으며, 1718년(조선 숙종 44년)에 동산동(현 신명고등학교)으로 이건되었다. 서침(徐沈), 서거정, 서해(徐解), 서성(徐省, 1588∼1631) 등 4인의 인물을 배향하고 있어 달성 서씨의 문중서원 성격이 짙었다. 대원군 집권 후인 1868년에 훼철되었다. 1924년 유림에서 다시 세우고, 1943년 숭현사와 강당을 증수하였다.|역사유적|35.898463239|128.598985363|자료 없음|자료 없음|자료 없음|자료 없음|0|none
tour_history_25|고모령|대구광역시 수성구 만촌동(호텔인터불고 남쪽길 - 팔현마을 고개)|"고모령의 전설과 ""비내리는 고모령""(대중가요)의 진원지로서 유명한 곳이다"|역사유적|35.8506193|128.39282179999998|자료 없음|자료 없음|자료 없음|자료 없음|0|none
tour_history_26|남평문씨 본리 세거지|대구광역시 달성군 화원읍 인흥3길 16|""" 문익점의 후손들이 대대손손 살아온 남평 문씨 집성촌 ‣ 문익점의 18대 후손인 문경호가 터를 닦고 남평 문씨 일가가 집성촌을 이룬 마을 ‣ 전형적인 배산임수 구조에 집과 도로가 반듯하게 정리되어 있어 주변 정경과 어우러져 아늑하고 평화로운 분위기를 풍긴다. 세거지 입구에 연못 등 쉼터가 잘 가꿔져 있으며 문화관광해설사도 배치되어 있다 """|역사유적|35.792407666|128.517903227|자료 없음|자료 없음|자료 없음|자료 없음|0|none
tour_history_27|현풍석빙고|대구광역시 달성군 현풍면 현풍동로 86|"""조선시대 얼음 창고를 만나다 ‣ 조선 영조 6년(1730)에 축조된 얼음 저장 창고 ‣ 석빙고 뒤로는 능선이, 앞으로는 개울이 있다. 입구는 산기슭 쪽으로 위치해 있다 ‣ 석빙고 옆길로 75~100m 정도 올라가면 조선시대 사직단과 조선시대 누각을 복원한 원호루가 나타난다 """|역사유적|35.6979463|128.4491641|자료 없음|자료 없음|자료 없음|자료 없음|0|none
tour_history_28|도동서원|대구광역시 달성군 구지면 구지서로 726|"""아름드리 은행나무와 아름다운 토담을 품은 고즈넉한 서원 ‣ 조선 초기의 성리학자 김굉필을 배향한 서원. 1568년 비슬산 동쪽에 건립되었다가 임진왜란 때 소실된 이후 지금 자리에 중건 ‣ 조선 중기 서원 건축의 특징을 살필 수 있다. 불필요한 장식 대신 간소함을 추구했으며 서원 입구인 수월루와 강당격인 중정당, 사당이 일직선상에 배치되어 있다. 중정당 기단에 여의주와 물고기를 물고 있는 4개의 용머리 조각과 수막새의 장식무늬가 빼어난 토담이 독특하다 """|역사유적|35.70092929999999|128.3697142|4.4|자료 없음|3.0|3.7|1|wc_tour_history_28
tour_history_29|계명 한학촌|대구광역시 달서구 달구벌대로 2800|계명한학촌은 계명대학교가 개교 50주년을 맞이하여 개관한 건물이다. 계명대학교 학생 뿐만 아니라 대구시민과 전 세계인에게 자랑스런 우리의 문화를 널리 소개하고, 교육하기 위하여 옛날 집을 그대로 재현하였다.|역사유적|35.850467|128.4455667|자료 없음|자료 없음|자료 없음|자료 없음|0|none
tour_history_30|현풍곽씨 12정려각|대구광역시 달성군 현풍면 지동길 3|현풍곽씨 일문에 삼강을 지킨 28인의 공을 기린 12각이 나열되어 있으며, 각 정려의 건립연대는 각각 다르나 조선 영조 때에 정려를 받아 이들의 현판이 봉안되어 있는 곳이다. 건물은 정면 12칸, 측면 2칸의 주심포집으로 팔작지붕이며 이 안에는 2기의 비석과 12개의 현판이 있다. 건물과 현판은 최근의 것이나 일문삼강을 비롯한 십이 정려각은 전국에서도 그 유례가 흔치 않은 것 중의 하나로써 중요한 민족 사적인 유산이 되고 있다.|역사유적|35.6667053|128.4272661|자료 없음|자료 없음|자료 없음|자료 없음|0|none
tour_history_31|조길방 가옥|대구광역시 달성군 가창면 조길방길 92-1|이 건물은 약 290년 전에 지은 집으로 이 마을에서 가장 오래된 가옥이라고 한다. 안채, 사랑채, 아래채로 구성되어 있으며 사랑채와 아래채는 나중에 고쳐 지은 것이다. <좀 더 알아보기> 깊은 산골 경사가 급한 산간마을에 자리한 초가로, 현 소유자의 9대조가 이곳에 정착하면서 지은 집이라고 한다. 사랑채는 60여년전에 확장하였고, 아래채는 30여년 전 무너진 것을 다시 지은 것이다. 산 전체가 서향으로 경사져 있고 그 안에 마을이 숨듯이 자리하여 집들은 자연히 모두 서향하게 되었다. 예전에는 15호 가량의 집들이 있었으나 지금은 6호만 남아있고, 이 집이 이 마을에서는 가장 오래된 건물이다. 높은 축대 위에 지은 안채를 중심으로 오른쪽에는 사랑채, 왼쪽에는 아래채가 부속건물처럼 낮게 마주보고 배치되어 있다. 안채의 앞면 벽에는 크기가 매우 작은 여닫이 문 1짝이 있는데, 출입보다는 채광과 통풍을 위해 만든 것으로 보인다. 초가로는 보기 드물게 오래된 건축으로, 특히 안채 창호문의 규모와 성격은 주택사 연구의 중요한 자료이다. 현 소유자의 먼 웃대 조상은 대구의 동북방(東北方)에 있는 동촌(東村) 비행장 근처에 살고 있었으나 9대조 광국(光國)(1708∼1776)대에 가화(家禍)를 당하여 총각의 몸으로 이곳 한덤(대암(大岩))에 숨어들어와 정착하게 되었다하며 안채는 이때 이루어진 것으로 추측된다. 깊은 산골의 해발 약 800m 되는 경사가 비교적 급한 산간마을로 옛날에는 15호 가량 살았으나 현재는 6호만 남아 있다. 이 마을에서는 이 집이 가장 오래된 건물이라 한다. 마을이 숨듯이 들어앉은, 산 전체가 서향으로 경사져 있어서 집들은 자연히 서향하게 되었다. 본 가옥의 안채는 잡석으로 높이 쌓은 축대 위에 서향으로 앉았고 좌측으로 축대를 연장시켜 부엌 곁에 장독대를 갖추었다. 축대 앞의 낮은 안마당에는 좌우에 아래채와 사랑채가 마당을 중심으로 부속건물처럼 낮게 대향(對向)하여 배치되어 있어서 상대적으로 안채의 비중을 돋보이게 하고 있다. 안채는 남부형(南部型)에 속하는 평면구성으로 2칸 마루의 좌측에 큰방과 부엌을, 우측에 건넌방을 배치하고 있다. 자연석 주초(柱礎)에 방주(方柱) 세우고 방 주위는 토벽(土壁)을 쳤는데 마루의 전면 중앙기둥만 원주(圓柱)를 사용하였다. 원주의 윗머리에는 주두(柱頭)나 보아지 없이 보를 바로 얹었고 삼량가(三樑架)에 동자주(童子柱) 대공(臺工)을 세운 간소한 구조로 되어 있다. 현 소유자의 부친은 이 집이 “싸리기둥에 칠기봇장(칠기나무로 된 보) 집 ”이라고 늘 마을 사람들에게 자랑하였다고 하는데 그 기둥(원주)도 밑부분이 부식하여 끊어내고 이어서 받쳐 놓았다. 마루에서 큰방과 건넌방으로 출입하는 외여닫이 궁판 세살문은 높이가 매우 낮아서 몸을 구부려야 드나들 수 있고 특히 안방 전면벽에 낸 외여닫이 살창문은 그 크기가 매우 작아서 출입 보다는 채광과 통풍에 뜻을 두고 만든 것으로 생각된다. 건넌방 전면벽에도 40여년전에는 같은 형식의 작은 살창이 설치되어 있었다고 한다. 사랑채는 방 2칸과 도장 1칸으로 되어 있으나 소유자의 부친이 60여년전에 확장한 것이라 한다. 아래채는 원래 우측에서부터 마굿간, 방앗간, 방의 순서로 3칸집이었으나 30여년전에 무너진 것을 지금과 같은 간살로 개조하였다고 한다. 본 가옥은 초가로는 드물게 보는 오래된 유구로 특히 안채의 개구부(開口部)의 규모와 성격은 주택발달사 연구의 중요한 자료가 될 것으로 생각된다. 안채는 잡석으로 높이 쌓은 축대위에 서향으로 앉혔다. 안채는 2칸 마루의 왼쪽에 큰방과 부엌을, 오른쪽에 건넌방을 두었다. 자연석 주초위에 네모기둥을 세우고 방 주위에는 흙벽을 쳤으며, 마루의 앞면 가운데 기둥만 둥근 기둥을 세웠다. 3량집의 간소한 구조인 이집은 싸리기둥에 칠기봇장(칠기나무로된보) 집임을 자랑으로 여겼다고 한다. 초가로는 드물게 보는 오래된 건물이며 안채의 창문도 옛 모습이 많이 남아 있다.|역사유적|35.755687301|128.581840828|자료 없음|자료 없음|자료 없음|자료 없음|0|none
tour_history_32|대구 제일교회|대구광역시 중구 남성로 23|경북지방에 처음 생긴 기독교회로, 선교사들이 이 지방을 개화시키기 위해 근대적 의료 및 교육을 전개했던 곳이다. 1933년 신도들의 헌금과 중앙교회의 성금으로 교회당을 새로 짓고 제일교회로 이름을 바꾸었다. 현재 이 건물의 전체적인 양식은 평면이 남북으로 긴 직사각형이고, 앞면 중앙에 현관을 두고 오른쪽에는 종탑을 세운 고딕양식의 건물이다. 1층은 사무실·유치원·청소년 예배실로 사용하고, 2층은 전체를 예배실로 사용하고 있다. 대구 제일교회는 대구의 수많은 교회 건물 중 가장 오랜 역사를 가졌고, 근대 건축사 연구에 귀중한 자료가 되고 있다. ※ 현 제일교회 남성로선교관|역사유적|35.86840397|128.589533895|자료 없음|자료 없음|4.0|4.0|1|wc_tour_history_32
tour_history_33|인흥서원|대구광역시 달성군 화원읍 인흥 2길 26|화원읍 본리리에 있는 서원으로서, 추계 추씨(秋溪 秋氏)의 중시조이며 고려 충렬왕 때의 문신인 노당 추적선생을 봉안한 서원이다. 조선 순조25년(1825년)10월에 팔도 유림과 20대손인 추세문에 의해 창건되었는데 대원군의 서원정리 당시에 화를 면하여 원형을 그대로 보존하고 있다. 경내에는 정면 5칸, 측면 2칸으로 되어 있고 팔작 지붕의 서원을 비롯하여 정면 3칸, 측면 2칸 맞배지붕의 사당 등 6동의 건물이 있고 신도비가 있으며 추적 선생이 쓴 명심보감 목판 31매가 유일본으로 유형문화재 제37호로 지정되었다.|역사유적|35.789644324|128.51569255299998|자료 없음|자료 없음|자료 없음|자료 없음|0|none
tour_history_34|사명당대장 진영|대구광역시 동구 동화사 1길 1|동화사 경내의 대웅전 뒤 조사전에 봉안되어 있는 사명당 대장 진영은 임진왜란 때 승군을 통솔하여 크게 공을 세웠던 사명대사의 전신상(全身象)이다. 사명당은 조선 선조 때의 고승이며 임진왜란 때 승군을 통솔하여 크게 공을 세웠던 승군장사로 유명하다. 의습은 백색장삼을 굵은 필선으로 간결하게 처리하였고, 붉은 가사는 섬세한 필력의 무늬를 가득히 배치하여 화려하게 묘사하고 있다. 이러한 간결한 필선과 섬세하고 화려한 색채 등은 사명당의 인품과 권위를 나타내주고 있다. 이목구비가 안면에 균형있게 채워져 있을 뿐 만 아니라 승상에서는 보기 어려운 수염을 깨끗이 묘사하여 위압감 마저 주고 있다.|역사유적|35.992103709|128.705804532|자료 없음|자료 없음|자료 없음|자료 없음|0|none
tour_history_35|미즈사키 린따로 묘소|대구광역시 수성구 두산동 산 21-8번지|미즈사키 린따로는 일제시대 대구지역 관개용수 확보를 위한 저수지를 조성하는 등 지역의 농업 발전을 위해 크게 공헌한 인물로 묘소는 고인의 뜻에 따라 저수지 옆에 만들어졌다. 1914년 가족과 함께 대구에 정착한 그는 농업에 종사하며 현지 농민이 가뭄과 홍수에 시달리는 것을 보고 저수지의 설계, 측량을 끝낸 후 경북도의 일본인 지사에게 직언을 했다. 그러나 “은혜를 받은 사람들은 한국인이 아니라 일본인”이라는 이유로 거절당하자 “한국인을 배려하지 않은 것은 일본인의 잘못”이라고 격노하여 조선 총독과 직접 면담하고 공비 1만 2천엔(현재 10억엔 정도)을 받아 못을 조성. 관리했다.|역사유적|35.8249244|128.61466570000002|자료 없음|자료 없음|자료 없음|자료 없음|0|none
tour_history_36|묘골마을과 육신사|대구광역시 달성군 하빈면 육신사길 64|"""대구광역시 달성군 하빈면 묘리에 있는 사당이다. 조선 세조 때의 사육신 박팽년(朴彭年), 성삼문(成三問), 하위지(河緯地), 이개(李塏), 유성원(柳誠源), 유응부(兪應浮) 등의 위패를 봉안하고 있다."""|역사유적|35.911161689000004|128.416582783|자료 없음|자료 없음|자료 없음|자료 없음|0|none
tour_history_37|육신사|대구광역시 달성군 하빈면 육신사길 64|박팽년만 후손에 의해 배향되다가 나중에 현손(玄孫) 계창이 박팽년의 기일에 여섯 어른이 사당 문 밖에서 서성거리는 꿈을 꾼 후 나머지 5위의 향사도 함께 지내게 되었다. 처음에는 육신사의 전신인 낙빈사(洛濱祠)를 지어 제향하여 오다가 1691년(숙종17) 낙빈서원을 건립하여 제사를 지냈다. 1866년(고종3) 흥선대원군의 서원 철폐령으로 낙빈사가 서원(書院)과 함께 철거되었으며, 1924년 낙빈서원이 재건되면서 위패를 다시 봉안하게 되었다. 이후1974년 충효위인 유적정화사업에 따라 현재의 위치에 육신사로 이름을 붙여 사당을 재건하였다. 사우건물인 숭정사에는 육신과 더불어 박팽년의 부친인 중림(仲林, ~ 1456 )의 위패도 함께 봉안되어 있으며 정면5칸, 측면3칸의 규모에 겹처마 팔작지붕으로 되어 있어 웅장한 느낌을 준다. 경내에는 이외에도 정면5칸 측면 1칸 반 규모의 홑처마 팔작지붕인 숭절당, 외삼문, 삼층각 등이 있고 사당 앞에는 사육신의 행적을 기록한 육각기념비(1979년 건립)가 세워져 있다.|역사유적|35.911161689000004|128.416582783|자료 없음|자료 없음|자료 없음|자료 없음|0|none
tour_history_38|성모당|대구광역시 중구 남산로 4길 112|1990년 12월 15일 대구광역시 유형문화재 제29호로 지정되었다. 재단법인 대구천주교회 유지재단의 소유로 되어 있다. 프랑스 루르드 동굴을 본떠서 만들었다고 하며, 전국적으로 유명한 천주교 성지이다.적·흑벽돌과 화강암으로 쌓아올린 아름답고 정교한 건물로 유명하다. 1917년 7월 착공하여 1918년 8월 15일 완공하였다. 대구 천주교회 초대교구장이었던 드망주 신부가 건축하였다. 설계와 모형은 루르드 성모굴을 본떴고 가능한 한 루르드 성모굴의 크기와 바위의 세부적인 면까지 비슷하게 하였다고 한다. 건축공사는 중국인 기술자들이 담당하였다. 성모당은 교구청에서 가장 높은 곳에 자리잡고 있으며, 앞쪽에 넓은 마당이 있고 북향으로 세운 붉은 벽돌구조건축이다. 평면은 우측면의 뒤쪽이 안쪽으로 약간 꺾여 들어간 직사각형으로, 내부는 암굴처럼 꾸미고 그 위에 마리아 상을 봉안하였다. 외관은 화강암 기초 위에 흑색 벽돌로 각 모서리의 버팀벽과 수평띠를 구성하고 나머지 벽면에는 붉은 벽돌로 쌓았는데, 각 부의 비례구성이 아름답고 벽돌짜임이 정교해서 지금까지 당시의 모습을 잘 간직하고 있다. 건물의 장식은 정면에 집중되어 있다. 정면은 흑색 벽돌을 사용하여 양단면에 각각 한쌍의 버트레스를 세웠다. 그 사이에는 큰 반원 아치를 설치하여 좌우 대칭을 이루게 하였다. 그 위에는 좁은 간격으로 3줄의 수평띠를 두어 작은 반원 아치로 장식하였으며, 나머지 벽면은 붉은 벽돌로 쌓았다. 성모당의 동굴 윗면에는 ‘1911 EXVOTO IMMACULATAE CONCEPTIONI 1918’이라고 씌어 있다. 1911은 대구교구가 처음 생긴 해를 가리키고, 1918은 드망주 신부가 교구를 위하여 하느님에게 청한 3가지 소원이 모두 이루어진 해를 가리킨다. 그리고 ‘EXVOTO IMMACULATAE’는 ‘원죄없이 잉태되신 성모님께 바친 허원에서’라는 뜻이다.|역사유적|35.860824240999996|128.588373884|자료 없음|자료 없음|자료 없음|자료 없음|0|none
tour_history_39|남산동 가톨릭타운|대구광역시 중구 남산로 4길 112|"""프랑스 루르드의 성모 동굴과 닮은 천주교의 성지 ‣ 대구가톨릭대학교 유스티노 캠퍼스 안에 자리한 천주교의 성지. 대구 교구의 초대 교구장이었던 드망즈 주교가 1918년 축성했다 ‣ 프랑스 루르드의 성모 동굴을 본 떠 만들었다. 적, 흑벽돌과 화강암으로 쌓아 올린 건물이 아름답다. 암굴로 꾸며진 내부 상단에 마리아상이 봉안되어 있다 """|역사유적|35.860824240999996|128.588373884|자료 없음|자료 없음|자료 없음|자료 없음|0|none
tour_history_40|태고정|대구광역시 달성군 하빈면 육신사길 62|이 건물은 조선 성종 10년(1479) 박팽년의 손자인 박일산이 세운 별당건축이다. 일명 ‘일시루 (一是樓)’라고도 한다. 지금 있는 건물은 선조 25년(1592) 임진왜란 때 불타서 일부만 남았던 것을 광해군 6년(1614)에 다시 지은 것이다. 현재 대청에는 임진왜란 후 치찰사로 온 윤두수의 한시를 새긴 현판과, 정유재란 후 명군 선무관이 남긴 액자들이 있다. 네모난 모양의 단 위에 서 있으며 앞면 4칸 ·옆면 2칸 크기로, 동쪽 2칸은 대청마루이고, 서쪽 2칸은 방으로 꾸몄다. 대청 앞면은 개방되어 있다. 규모는 그리 크지 않은 건물이지만 가구나 세부가공이 정교한 편이다.|역사유적|35.910689954|128.41647452|자료 없음|자료 없음|자료 없음|자료 없음|0|none
tour_history_41|한천서원|대구광역시 달성군 가창면 가창동로 117|이 서원은 고려개국공신 태사 충렬공 전이갑과 충강공 전의갑 형제를 기리기 위해 세워진 곳이다. 팔공산 동수에서 견훤군과 맞서 싸우다 태조 왕건을 피신시키고, 장절공 신숭겸 장군등과 함께 장렬히 전사하여 그들의 영명을 후세에까지 남겼다. 뒷날 태조가 몹시 슬퍼하여 전이갑은 통합삼한개국공신 태사 충렬공으로 추증하고 전의갑은 시중개국공신 충강공으로 봉하였다. 공의 충절이 병조, 예조등 열성조 수교가 조선왕조에도 전교 되어 서기 1864년(고종 8년)에 서원 철폐령으로 훼철된 후 설단하고 제각을 지어 공의 높은 충의를 기려오다가 서기 1989년 서원으로 복원되었다. 대지 800평 규모에 1곽 3동으로 되어 있으며 뜰에는 달성군 보호수 8-1호인 1000년 된 은행나무가 있다.|역사유적|35.779768009|128.654339889|자료 없음|자료 없음|자료 없음|자료 없음|0|none
tour_history_42|영남제일관|대구광역시 수성구 팔현길 248|지방행정관서가 있는 곳에 평지에 축성된 대구 읍성(邑城)은 1590년(선조23년)에 처음 만들 때는 흙으로 쌓은 토성(土城)이었으나, 임진왜란 때 허물어진 뒤 1736년(영조 12)에 돌로 다시 쌓아 석성(石城)을 만들었다. 성에는 동서남북에 4개의 정문을 두었는데, 동문은 진동문(鎭東門), 서문은 달서문(達西門), 남문은 영남제일관(嶺南第一關), 북문은 공북문(拱北門)이라 하였다. 1906년 읍성이 철거될 때 성문들도 함께 철거되었다. 지금 대구제일의 향토상징 관문으로서 금호강과 함께 대구시민들이 대자연의 운치를 마음껏 즐기는 곳이다. <좀 더 알아보기> 한국에서는 옛날부터 구릉과 산성을 방수의 요충으로 중시하고 평지에 있는 취락에 성지를 축조하는 예가 드물었다. 지금 시내에 있는 달성은 삼국시대 이래 여러 차례 가축된 바 있지만 이것은 읍성이 아니고 오히려 관아를 중심으로 방수한 것이었다. 대구의 평지에 성축 한 것은 부사로 취임한 윤 현(尹峴)때 일이다. 그는 선조 24년에 선산 군위 안동의 3개 읍민을 징집하여 대구부민과 더불어 축성을 완료했다고 대구부사는 기록하고 있다. 그런데 이 토성은 1592년(선조25년) 임진왜란이 일어나자 전란으로 파손되고 그후 140년이 지난 영조 12년에 석성이 새로 축조되었다. 1601년(선조34년)이후부터 한말까지 대구에 경상동 관아가 있었다. 그것은 그동안 왜란을 겪으면서 대구의 군사적, 정치적, 경제적 중요성이 인식된 때문 일 것이다. 그럼에도 불구하고 영조 때까지 백수십년이 지나도록 임진왜란 때 허물어진 대구부성의 재축조가 실현되지 못했다는 것은 조선왕조 후기 사회의 무력을 말해주는 것이라 하겠다. 석축의 대구읍성은 경제력이 회복된 영조 12년에 축조 되었는데 영조 11년에 대구로 부임한 경상도 관찰사겸 대구도호부사 민 응수의 건의를 조정에서 받아 들이고 영조의 윤허를 얻게 된데서 실현을 보게 된 것이다. 축성비에 의하면 영조 12년 4월 8일에 채석을 시작하고 4월 25일에 본성채를 이룩하고 6월 6일까지 여첩(女堞)을 완공하게 되었다고 한다. 이 성에는 동,서,남,북의 4정문이 있고, 문에는 본루를 세웠는데 동은 진동문, 서는 달서문, 북은 공북문이라 칭했고, 특히 남문에는 영남 제일관의 편액(扁額)을 달았다. 이밖에 동서에 두 개의 암문이 있었다. 영조 12년에 석축된 읍성은 몇 차례의 수축이 있어서 온전하게 보존해 왔으나 광무 10년과 11년 사이에 남문과 더불어 완전히 헐리고 말았다. 지금 남아 있는 당시의 남문 사진을 보면 성벽의 일부를 이루고 있는 석축기대(石築基臺)를 세웠으며 규모는 하층의 정면 측면이 모두 세칸이다. 남문을 처음 축조한 사람이 관찰사 민 응수이며 그는 경상도 관찰사로 취임하기 전에 전라도 관찰사로 있으면서 전주 풍남문(豊南門)을 세웠다. 대구시는 1980년 남문인 영남 제일관을 수성구 만촌동 금호강변에 옛 모습을 살려 중건함으로 조상의 얼을 시민에게 전하고 있다.|역사유적|35.875256241|128.658252561|4.2|자료 없음|4.0|4.1|1|wc_tour_history_42
tour_history_43|칠곡향교|대구광역시 북구 칠곡중앙대로 597|향교는 문묘와 어진 유학자의 위패를 모시고, 유학을 가르쳐 인재를 양성하는 조선시대의 지방교육기관이었다. 칠곡향교는 학문을 연구하는 장소인 명륜당을 앞에 두고 묘당인 대성전을 뒤로 배치하였다. <좀 더 알아보기> 1977년 11월 22일 대구광역시문화재자료 제6호로 지정되었다. 향교는 문묘와 어진 유학자의 위패를 모시고, 유학(儒學)을 가르쳐 인재를 양성하는 조선시대의 지방교육기관이었다. 칠곡향교는 대구광역시 북구 읍내동 칠곡중학교 안에 있으며, 학문을 연구하는 장소인 명륜당이 앞에 있고 묘당(廟堂)인 대성전(大成殿)이 뒤에 있는 전학후묘(前學後廟) 배치 방식을 따랐다. 대성전은 정면 5칸, 측면 3칸으로 홑처마 맞배지붕을 하고 있다. 17세기 초기에 처음 지어졌다고 하나 건물 양식과 현판의 기록으로 보아 20세기 초기에 지어진 건물로 추정된다.|역사유적|35.949185819|128.550815527|자료 없음|자료 없음|자료 없음|자료 없음|0|none
tour_history_44|현풍향교|대구광역시 달성군 현풍면 현풍동로 20길 27-8|문화재 자료 제 27호이다. 원래 있었던 건물은 임진왜란때 소실되었고, 전후 현감 이영도가 구교동에 중건하였던 것을 영조때 현감을 지낸 김광태가 지금의 자리로 옮겨 지은 것이다. 그 후 고종 광무5년에 현감 허길이 중수하고, 1931년에 군수 신현구가 다시 대성전, 명륜당 및 동·서무를 중수하였다.|역사유적|35.70151470000001|128.449655|자료 없음|자료 없음|자료 없음|자료 없음|0|none
tour_history_45|모명재|대구광역시 수성구 달구벌대로 525길 14-21|"""모명재는 임진왜란 때 우리나라에 원병으로 왔던 명나라 장수 두사충이 귀화한 후, 그의 후손들이 1912년에 세운 것이다. 조선에 귀화한 후 계산동 일대에 정착한 두사충은 중국에 두고 온 부인과 형제들이 생각나 최정산(현 대덕산) 밑으로 집을 옮기고 명나라를 생각한다는 뜻으로 동네 이름을 대명동이라 하였다. 모명재라는 이름도 고국인 명나라를 사모한다는 뜻이며 대문에 달려 있는 만동문 역시 그 근본을 잊지 않는다는 뜻이다. 현재의 모명재는 1912년 경산 객사가 헐리자 그 재목을 사와 두사충의 묘소 앞에 지은 것인데 1966년 건물이 너무 낡아 중수하였다. <좀 더 알아보기> 모명재는 임진왜란 때 우리나라에 원병으로 왔던 명나라 장수 두사충(杜師忠)이 귀화한 후 그의 후손들이 1912년에 세운것이다. 두사충의 호(號)는 모명(募明)으로 중국의 두릉(杜陵)이 고향이다.1592년 임란이 일어나자 그해 12월 명나라 제독(提督)이던 이여송(李如松)등과 함께 원병을 와서, 주위의 지형을 살펴서 진지에 적합한 장소를 만들도록 터를 잡아주는 임무인 수륙지획(水陸地劃) 주사(主事)를 맡았다. 따라서 그는 이여송의 일급 참모로서 항상 군진(軍陳)¹를 펴는데 조언을 했고, 조선과의 합동작전을 할 때는 조선군과도 전략, 전술상의 긴밀한 협의를 가져왔다. 정유재란 때 두 아들과 함께 원병을 와서 공을 세웠는데 난이 평정되고 난 후, 조선에 귀화하였다. 조선에 귀화한 두사충은 대구에 정착하면서 현재의 중앙공원 일대를 하사 받았는데 경상도 감영을 대구에 옮기자 그 땅을 내어놓고 현재의 계산동(桂山洞) 일대로 두씨들의 거주지를 옮겼다. 그러나 중국에 두고 온 부인과 형제들이 생각나 최정산(最頂山[현 대덕산])밑으로 거주지를 옮겨 명나라를 생각한다는 뜻으로 동네 이름을 대명동(大明洞)이라 붙이고 단(壇)을 쌓아 매월 초하루가 되면 관복을 입고 고국의 천자(天子)를 향해 배례(排禮)를 올렸다고 한다. 그의 사후 자손들은 두사충의 유언에 따라 형제봉(兄第峰)기슭에다 묘소를 쓰게 되었다. 현재의 모명재는 1912년 경산 객사가 헐리자 그 재목을 사와 두사충의 묘소 앞에 지은 것인데 1966년 2월 건물이 너무 낡아 중수하였다. 모명재라고 한 것은 고국인 명나라를 사모한다는 뜻이고 대문에 달려 있는 만동문 역시 백천유수필지동이라는 말에서 따온 것인데 이 것 또한 그 근본을 잊지 않는다는 뜻이다. 또한 두사충의 묘소앞에 있는 비문을 별도로 다시 새겨 모명재 앞뜰에 신도비를 세웠다. 이 비문은 이순신 장군의 7대손인 삼남 수군통제 이인수가 지었는데, 임란 당시 이순신과 두사충의 친밀한 관계가 후손들에게 까지 접촉을 갖게 했음을 알 수 있다. 모명재는 네모 반듯한 대지에 남향으로 배치되었다. 대문을 통해 들어가면 앞쪽에 모명재가 위치하는데, 정면 4칸, 측면 2칸 규모의 겹처마 팔작 기와집이다. 평면은 2칸 대청을 중심으로 좌우에 온돌방을 들였으며, 앞쪽에는 반칸 규모의 툇간을 두었다. 건물 정면의 여모중방(대청앞 마루바닥에 가로지른 안방)밑은 붉은 벽돌을 쌓아막았다. 가구(架構)는 5량가의 견실한 구조로 종보 위에는 원형 판대공을 세웠으며 앞쪽의 창방(목조건물의 기둥 위에 가로 건너질러 연결하고 평방 또는 화반, 소로 등을 받는 가로재)과 장혀(도리를 받치는 긴나무)을 끼워 장식하였다. 20세기 초 대구지역 재실 건축의 형식을 잘 보여준다."""|역사유적|35.85840376|128.651495826|자료 없음|자료 없음|자료 없음|자료 없음|0|none
tour_history_46|도성암|대구광역시 달성군 유가면 도성길 180|비슬산 대견봉을 넘어 가파른 산기슭에 위치한 암자로 유가사에서는 1.2㎞되는 거리에 있다. 삼국유사가 전하는 바에 의하면 신라 혜공왕때 도성국사가 지었다 전한다. 고려 성종 원년(981)에 성범대사가 만일 미타량을 열고 50여년 동안 힘써 수도한 곳으로도 알려져 있다. 도성암 극락전 앞에는 신라시대에 건립된 도성암 삼층석탑도 볼 수 있다. <좀 더 알아보기> 2003년 9월 당시 한반도를 할퀴고 간 태풍 매미는 수많은 인명, 재산 피해와 함께 우리들의 가슴에도 치유하기 어려운 상처를 안겨주고 떠났다. 더구나 수해와 산사태, 강풍으로 인한 각 사찰의 피해도 커 불교계가 합심해 복구에 박차를 가하는 결집된 힘을 보이기도 했다. 당시 창녕 화왕산의 도성암은 재산피해와 더불어 흙더미가 요사채를 덮쳐 인명 사망피해까지 생겨 불자들의 안타까움을 자아내기도 했다. 불자들을 더욱 안타깝게 만든 것은 몇 개월 전 대구지하철 참사 사고로 읽은 두 딸의 명복을 빌기 위해 도성암을 찾은 어머니가 산사태로 목숨을 잃게 된 사연이었기 때문이었다. 태풍이 지나가고 한동안 도성암은 피해 복구가 어려울 정도로 매우 험한 상황이었으나 태풍에 대비한 수로를 건설하고 새로운 전각을 세워 신라고찰 도성암을 다시 일으켜 세웠다. 도성암은 신라 현덕왕 2년(810)에 창건한 고찰로 임진왜란 때 전소되어 한 때 역사가 끊어진 사찰이었다. 그러나 현재의 도성암은 아미타부처님의 위신력에 기대어 창녕의 주산이자 절경으로 잘 알려진 화왕산 중턱에 자리하면서 현묘한 자성을 찾는 염불기도 영험도량으로 거듭나고 있다. 도성암은 2년 전의 악몽을 아는지 모르는지 여느 산사와 같은 평온을 되찾았다. 최근에는 보제루 불사를 마치고 단청불사 하는 날을 기다리고 있다. 또 얼마 전에는 대웅전의 석조여래좌상이 도유형문화재로 지정을 받게 되는 경사를 맞기도 했다. 비온 뒤 땅이 굳는다는‘케케묵은 진리’를 다시금 재확인하는 장면이다. 부디 앞으로의 도성암이 굳은 반석 위에서 튼실하게 정법을 수호하는 도량이 되길 바란다.|역사유적|35.7172343|128.5137551|자료 없음|자료 없음|자료 없음|자료 없음|0|none
tour_history_47|동화사|대구광역시 동구 동화사1길 1|"""수려한 자연과 소중한 문화재를 품은 사찰 ‣ 팔공산 남쪽 기슭에 자리한 신라시대 사찰 ‣ 대웅전, 마애불좌상, 비로암 석조비로자나불좌상, 비로암 삼층석탑, 금당암 동․서 삼층석탑, 당간지주 등 경내에 문화유산이 많다 ‣ 전체 높이 33m에 이르는 세계 최대 규모 석조불상인 약사여래대불이 있다 입장료 - 어른 2,500원, 청소년 1,500원, 어린이 1,000원"""|역사유적|35.992103709|128.705804532|4.4|자료 없음|4.5|4.45|1|wc_tour_history_47
tour_history_48|파계사|대구광역시 동구 파계로 741|"""팔공산 자락 아래 고색창연한 분위기를 품은 사찰 산책 ‣ 신라시대에 창건된 고찰로 동화사의 말사이다. 사찰 규모는 그리 크지 않지만 보물과 문화재급 건물이 많고 조용하고 아늑한 분위기 ‣ 팔공산 자락 아래 펼쳐진 사찰은 숲과 계곡으로 둘러싸여 멋스러운 느낌이다. 매표소에서 사찰까지 이어진 진입로도 무척 운치 있다 """|역사유적|36.001421782|128.641219239|자료 없음|자료 없음|자료 없음|자료 없음|0|none
tour_history_49|하목정|대구광역시 달성군 하빈면 하목정길 56-10|1995년 5월 12일 대구시유형문화재 제36호로 지정되었다. 1604년(선조 37) 임진왜란 당시 의병장이었던 이종문이 세운 정자이다. 하목정이라는 명칭은 인조가 왕위에 오르기 전 이곳에 머문 적이 있어 그 인연으로 이종문의 맏아들 이지영(李之英)에게 써준 것이다. 정면 4칸, 측면 2칸 규모로, 우측 1칸에는 앞쪽으로 누 1칸을 첨가하고 뒤쪽으로 방 1칸을 더 만들어 평면이 정자형(丁字形)으로 구성되었다. 처마곡선이 부채모양의 곡선으로 된 특이한 형태의 팔작지붕 기와집이다.|역사유적|35.881774626|128.397539861|자료 없음|자료 없음|자료 없음|자료 없음|0|none
tour_history_50|곽재우 장군 묘소|대구광역시 달성군 구지면 대암리|곽재우 장군의 자는 계수 호는 망우당이다. 조선 명종 7년(1552년) 8월 경남 의령군 유곡면 세천리에서 출생하였다. 임진왜란이 일어나자 장군이 의령에서 의병을 모아 붉은 비단으로 군복을 지어입고 왜군을 물리치는데 큰 공을 세웠다. 그후 성주, 진주목사, 함경감사 등의 벼슬이 제수되었으나 사양하고, 은퇴한 후 낙동강변에다 망우정을 세워 그 곳에서 지냈다.|역사유적|35.62048189999999|128.3572177|자료 없음|자료 없음|자료 없음|자료 없음|0|none
tour_history_51|소재사|대구광역시 달성군 유가면 휴양림길 228|소재사는 비슬산 남쪽 중턱에 자리잡고 있고 현재의 재난을 없애 주는 곳이라는 의미를 갖고 있다. 이 사찰은 신라시대에 창건되었다고 전하여 온다. 1976년에 보수하고 경내에는 대웅전, 명부전, 산령각이 있다. 대웅전은 정면 3간, 측면 3간의 단층 맞배집으로 내삼출목, 외이출목의 다포식 건축이고, 명부전은 정면 3간, 측면 2간의 단층 맞배집으로 이익공양식의 건축이다. <좀 더 알아보기> 대한불교조계종 제9교구 본사인 동화사의 말사이다. 신라 때 창건되었다고 한다. 1358년(고려 공민왕 7) 진보(眞寶)가 중창한 뒤 1457년(조선 세조 3) 활륜(活輪), 1510년(중종 5) 외암(外巖)이 각각 중건하고 1857년(철종 8)에 법로(法盧)가 중수한 바 있다. 건물로는 대웅전과 명부전·요사채 등이 있다. 이 중 대웅전은 1978년에 보수했고 명부전은 근래에 허물어져 다시 중수하였다. 유물로는 절 뒤편에 있는 달성용봉동석불입상이 유명하다. 화강암에 조각한 불상으로 약사불로 추정된다. 높이 2.8m이며, 대구광역시 유형문화재 제35호로 지정되었다. 조각 수법으로 보아 통일신라시대 작품으로 보인다. 절 근처에는 피부병에 효험이 있다는 약수가 솟아나는데, 샘의 물 표면에 금가루 같은 작은 먼지가 떠 있어 금물정[金水井]이라고 부른다. 한편 이 절이 들어선 비슬산은 산 정상의 바위 모습이 마치 신선이 거문고를 타는 형상이라고 해서 붙여진 이름이다. 신라 때에는 포산(包山)이라고 불렀으며, 예로부터 정성대왕(靜聖大王)이라는 산신이 사는 성지로 알려져 있다.|역사유적|35.691317|128.5082648|자료 없음|자료 없음|자료 없음|자료 없음|0|none
tour_history_52|청라언덕|대구광역시 중구 달성로 56|"""대구 속 몽마르트르 언덕에서 낭만 여행 ‣ 대구 근대화의 중심지이자, 100여 년의 역사가 고스란히 녹아 있는 곳 ‣ 이국적인 서양식 주택과 무성한 나무, 아기자기한 정원이 있어 사계절 내내 아름답다 ‣ 선교사주택, 의료선교박물관에서 근대 건축 양식과 서양 의학의 흔적을 엿 볼 수 있다 """|역사유적|35.869321525|128.582962951|4.3|자료 없음|4.0|4.15|1|wc_tour_history_52
tour_history_53|3.1만세운동길|대구광역시 중구 국채보상로102길 일대|청라언덕 동무생각 노래비 옆에서 시내 쪽으로 내려가는 90계단까지는 3.1운동 당시 만세운동을 준비하던 학생들이 일본군의 감시를 피해 도심으로 모이기 위해 지나다녔던 솔밭길이다. 계단길에는 3.1운동 당시 모습이 담긴 사진들이 전시되어 그 의미를 더하고 있다.|역사유적|35.87000039999999|128.57915649999998|자료 없음|자료 없음|자료 없음|자료 없음|0|none
tour_history_54|영남대로|대구광역시 중구 약령길(약령시 인근 인도블록)|영남대로는 조선시대에 우리나라를 남북으로 연결하던 경부가도의 영남지역 도로이며, 사람과 문물이 이동하던 주요 교통로였다. 대구약령시 일대 떡전골목과 염매시장을 관통하고 있으며, 지금은 제탕원과 제환소, 제분소가 밀집해 있는 작은 골목이다.|역사유적|35.87000039999999|128.57915649999998|자료 없음|자료 없음|자료 없음|자료 없음|0|none
tour_history_55|삼성상회 옛터|대구광역시 중구 달성로 100(인교동 43-1)|1938년 호암 이병철 회장이 삼성그룹의 모태인 삼성상회를 창업해 처음 사업을 시작했던 곳이다. 대구오페라하우스 앞에는 호암 동상이 자리해 있다.|역사유적|35.874156189000004|128.582540741|자료 없음|자료 없음|자료 없음|자료 없음|0|none
tour_history_56|항일독립운동기념탑|대구광역시 동구 효목동 225|"""조국 독립을 위해 헌신하신 대구, 경북지역 출신 애국지사들의 뜻을 기리기 위해 준공되었다. 가까이 임란호국영남충의단과 영남의병전시관이 있어 항일 호국순례지로 알려지고 있다."""|역사유적|35.880251745|128.63576453299999|자료 없음|자료 없음|자료 없음|자료 없음|0|none
tour_history_57|동무생각 노래비|대구광역시 중구 달구벌대로 2029(선교사 블레어주택 주변)|‘동무생각(思友)’은 대구가 낳은 한국 근대음악의 선구자 박태준 선생의 연애사를 시인 이은상 선생이 듣고 쓴 시(詩)에 다시 곡을 붙인 가곡이다. 학창시절 예술가의 꿈과 추억, 낭만이 서려 있는 동무생각 노래비는 연인, 친구들과 함께 찾기 좋은 숨은 명소이다.|역사유적|35.866418514|128.585768465|자료 없음|자료 없음|자료 없음|자료 없음|0|none
tour_history_58|노태우 전대통령 생가|대구광역시 동구 용진길 172(신용동 596)|용진마을 위쪽 끝자락에 대한민국 제13대 대통령인 노태우 전대통령의 생가가 자리해 있다. ‘용의 머리’에 자리한 명당이라 하며, 안채와 사랑채, 외양간 등이 소박한 모습으로 남아 있어 살아있는 역사 교육현장으로 이용되고 있다.|역사유적|35.982366352|128.648611236|자료 없음|자료 없음|자료 없음|자료 없음|0|none
tour_history_59|마비정벽화마을|대구광역시 달성군 화원읍 마비정길 262-5|"""옛 농촌 풍경이 마을 토담과 벽면을 가득 채운 정겨운 벽화마을 ‣ 마을길을 따라 1960~70년대 정겨운 농촌 풍경이 벽화로 꾸며져 있다. ‣ 벽화 외에도 연리목과 물레방아, 옛 우물, 거북바위와 남근석 등 볼거리가 다양. 1년 뒤에 받아보는 느림보 우체통과 사랑의 자물쇠 코너는 특히 연인에게 인기 ‣ 농촌체험전시장에서 두부 만들기, 떡메치기, 열무김치 담그기 등 여러 가지 체험 프로그램을 이용할 수 있다. 체험은 20명 이상 가능하다 """|역사유적|35.778768071|128.54161092799998|3.9|자료 없음|자료 없음|3.9|1|wc_tour_history_59
